title,recording_date_not_publication_date,performers,label,catalog,matrix,take,catalog_url,audio_url,audio_md5,rights_evidence
The Memphis blues,1914-07-15,"Victor Military Band; King, Edward T.",Victor,17619,B-15065 (Matrix ID),3,https://www.loc.gov/item/jukebox-275361/,https://data.labs.loc.gov/jukebox/audio/jukebox-275361_1.mp3,b416a53aa7a4471d6265843e27e0c247,Included in LOC public-domain-assessed dataset: https://data.labs.loc.gov/jukebox/
The Memphis blues,1914-10-02,"Harvey, Morton",Victor,17657,B-15244 (Matrix ID),2,https://www.loc.gov/item/jukebox-11226/,https://data.labs.loc.gov/jukebox/audio/jukebox-11226_1.mp3,6cf3655ed65663935deb93366f0d78c0,Included in LOC public-domain-assessed dataset: https://data.labs.loc.gov/jukebox/
Blame it on the blues,1915-04-08,"King, Edward T.; Victor Military Band",Victor,17764,B-15835 (Matrix ID),5,https://www.loc.gov/item/jukebox-12779/,https://data.labs.loc.gov/jukebox/audio/jukebox-12779_1.mp3,7a1a5870759d1b390c8d7d71f2969df1,Included in LOC public-domain-assessed dataset: https://data.labs.loc.gov/jukebox/
Chinese blues,1915-11-18,"Rogers, Walter B.; Kaufman, Irving",Victor,17919,B-16790 (Matrix ID),2,https://www.loc.gov/item/jukebox-15547/,https://data.labs.loc.gov/jukebox/audio/jukebox-15547_1.mp3,ef6a3846d28629b662a6a81c44fef1e5,Included in LOC public-domain-assessed dataset: https://data.labs.loc.gov/jukebox/
The Honolulu blues,1916-04-27,"Collins, Arthur; Burr, Henry; Bianculli, P.; McClaskey, Harry; Rogers, Walter B.; Peerless Quartet; Campbell, Albert; Meyer, John H.",Victor,18068,B-17542 (Matrix ID),2,https://www.loc.gov/item/jukebox-17426/,https://data.labs.loc.gov/jukebox/audio/jukebox-17426_1.mp3,120893e34680cdd963d5817b4e84a9cb,Included in LOC public-domain-assessed dataset: https://data.labs.loc.gov/jukebox/
Bull frog blues,1916-06-20,"Brown, Tom; Six Brown Brothers; Brown, Fred; Fink, Harry; Brown, William; Brown, Vern; Brown, Alec",Victor,18097,B-17897 (Matrix ID),1,https://www.loc.gov/item/jukebox-186705/,https://data.labs.loc.gov/jukebox/audio/jukebox-186705_1.mp3,d5fc7a1b6288ae11d7f5f09a9a542e67,Included in LOC public-domain-assessed dataset: https://data.labs.loc.gov/jukebox/
Paradise blues,1916-11-17,"Bourdon, Rosario; Harris, Marion; King's Orchestra",Victor,18152,B-18319 (Matrix ID),5,https://www.loc.gov/item/jukebox-19337/,https://data.labs.loc.gov/jukebox/audio/jukebox-19337_1.mp3,918e6599c33d3edf3fbc289bdd83da0a,Included in LOC public-domain-assessed dataset: https://data.labs.loc.gov/jukebox/
Hesitation blues,1916-09-15,"King, Edward T.; Victor Military Band",Victor,18163,B-18339 (Matrix ID),3,https://www.loc.gov/item/jukebox-19406/,https://data.labs.loc.gov/jukebox/audio/jukebox-19406_1.mp3,d5a4cf7d4646c3bb9ba83bb061a797c9,Included in LOC public-domain-assessed dataset: https://data.labs.loc.gov/jukebox/
Kansas City blues,1916-09-15,Victor Military Band,Victor,18163,B-18373 (Matrix ID),1,https://www.loc.gov/item/jukebox-19478/,https://data.labs.loc.gov/jukebox/audio/jukebox-19478_1.mp3,bdcfb63ebade84c42d72d5c527059fd6,Included in LOC public-domain-assessed dataset: https://data.labs.loc.gov/jukebox/
Money blues,1916-09-25,"Smith, Joseph C.; Joseph C. Smith's Orchestra",Victor,18165,B-18456 (Matrix ID),3,https://www.loc.gov/item/jukebox-19693/,https://data.labs.loc.gov/jukebox/audio/jukebox-19693_1.mp3,430af226fe00de56619ff180730df9bb,Included in LOC public-domain-assessed dataset: https://data.labs.loc.gov/jukebox/
Joe Turner blues' medley,1916-10-19,"Victor Military Band; King, Edward T.",Victor,18174,B-18495 (Matrix ID),5,https://www.loc.gov/item/jukebox-19795/,https://data.labs.loc.gov/jukebox/audio/jukebox-19795_1.mp3,b8dab8133fa0c3a2bfd98aa76ec72bbc,Included in LOC public-domain-assessed dataset: https://data.labs.loc.gov/jukebox/
Livery stable blues,1917-02-26,"Shields, Larry; Original Dixieland Jazz Band; LaRocca, Nick; Ragas, Henry; Sbarbaro, Tony; Edwards, Eddie",Victor,18255,B-19331 (Matrix ID),1,https://www.loc.gov/item/jukebox-186254/,https://data.labs.loc.gov/jukebox/audio/jukebox-186254_1.mp3,25fcd6282d7005b98321b58a15b958c9,Included in LOC public-domain-assessed dataset: https://data.labs.loc.gov/jukebox/
"Everybody's crazy 'bout the doggone blues, but I'm happy",1917-12-06,"Harris, Marion; Pasternack, Josef",Victor,18443,B-21243 (Matrix ID),2,https://www.loc.gov/item/jukebox-27181/,https://data.labs.loc.gov/jukebox/audio/jukebox-27181_1.mp3,7d269467a2c5f0227b246a9cf0c49957,Included in LOC public-domain-assessed dataset: https://data.labs.loc.gov/jukebox/
Bluin' the blues,1918-06-25,"Shields, Larry; Original Dixieland Jazz Band; LaRocca, Nick; Sbarbaro, Tony; Ragas, Henry; Edwards, Eddie",Victor,18483,"B-22041 (Matrix ID)",3,https://www.loc.gov/item/jukebox-185940/,https://data.labs.loc.gov/jukebox/audio/jukebox-185940_1.mp3,5622152fc6168d5b1ab30af7c192bde5,Included in LOC public-domain-assessed dataset: https://data.labs.loc.gov/jukebox/
Mournin' blues,1918-07-17,"Original Dixieland Jazz Band; Shields, Larry; LaRocca, Nick; Sbarbaro, Tony; Ragas, Henry; Edwards, Eddie",Victor,18513,B-22043 (Matrix ID),4,https://www.loc.gov/item/jukebox-185943/,https://data.labs.loc.gov/jukebox/audio/jukebox-185943_1.mp3,eec411437eb2ff912768f1c8ea6d89ce,Included in LOC public-domain-assessed dataset: https://data.labs.loc.gov/jukebox/
Clarinet marmalade blues,1918-07-17,"Shields, Larry; Original Dixieland Jazz Band; LaRocca, Nick; Sbarbaro, Tony; Ragas, Henry; Edwards, Eddie",Victor,18513,B-22066 (Matrix ID),2,https://www.loc.gov/item/jukebox-29613/,https://data.labs.loc.gov/jukebox/audio/jukebox-29613_1.mp3,6edf8fa66d6d5bdb7c2c8c7a3774e0d6,Included in LOC public-domain-assessed dataset: https://data.labs.loc.gov/jukebox/
The alcoholic blues,1919-01-27,"Murray, Billy; Bourdon, Rosario",Victor,18522,B-22561 (Matrix ID),3,https://www.loc.gov/item/jukebox-31396/,https://data.labs.loc.gov/jukebox/audio/jukebox-31396_1.mp3,496e4fdb0fe31702c53a10cc7876e93c,Included in LOC public-domain-assessed dataset: https://data.labs.loc.gov/jukebox/
Lullaby blues (In the evening),1919-03-31,"Porter, Steve; Bourdon, Rosario; Young, John; Murray, Billy; American Quartet; Chalmers, Donald",Victor,18553,B-22665 (Matrix ID),3,https://www.loc.gov/item/jukebox-31826/,https://data.labs.loc.gov/jukebox/audio/jukebox-31826_1.mp3,07d116f77300eac401ab78985d3cddc3,Included in LOC public-domain-assessed dataset: https://data.labs.loc.gov/jukebox/
Rainy day blues,1919-04-23,"Smith, Joseph C.; Joseph C. Smith's Orchestra",Victor,18561,B-22750 (Matrix ID),3,https://www.loc.gov/item/jukebox-32102/,https://data.labs.loc.gov/jukebox/audio/jukebox-32102_1.mp3,e83d417940d8dcbe8bbb9907da07c2f8,Included in LOC public-domain-assessed dataset: https://data.labs.loc.gov/jukebox/
I ain't 'en got 'en no time to have the blues,1919-06-19,"Pasternack, Josef; Smalle, Ed; Murray, Billy",Victor,18593,B-23019 (Matrix ID),3,https://www.loc.gov/item/jukebox-33048/,https://data.labs.loc.gov/jukebox/audio/jukebox-33048_1.mp3,0a9954394bb8789ba7d0611dcc19ce72,Included in LOC public-domain-assessed dataset: https://data.labs.loc.gov/jukebox/
The alcoholic blues,1919-09-16,"Arden, Victor; All Star Trio; Green, George Hamilton; Wadsworth, Wheeler",Victor,18617,B-23204 (Matrix ID),12,https://www.loc.gov/item/jukebox-185601/,https://data.labs.loc.gov/jukebox/audio/jukebox-185601_1.mp3,18386c7429e28824816ef65ab31d7d45,Included in LOC public-domain-assessed dataset: https://data.labs.loc.gov/jukebox/
Yellow dog blues,1919-10-01,"Smith, Joseph C.; Joseph C. Smith's Orchestra; Raderman, Harry",Victor,18618,B-23282 (Matrix ID),1,https://www.loc.gov/item/jukebox-34022/,https://data.labs.loc.gov/jukebox/audio/jukebox-34022_1.mp3,ffaec8f4f7c041fb4f1672ce2f13f274,Included in LOC public-domain-assessed dataset: https://data.labs.loc.gov/jukebox/
Blues (My naughty sweetie gives to me),1919-09-26,"Pasternack, Josef; Walker, Esther",Victor,18619,B-23173 (Matrix ID),3,https://www.loc.gov/item/jukebox-33694/,https://data.labs.loc.gov/jukebox/audio/jukebox-33694_1.mp3,dddf0f8a27c73eb01f59e95c568f9145,Included in LOC public-domain-assessed dataset: https://data.labs.loc.gov/jukebox/
Bell hop blues,1919-10-06,"Bourdon, Rosario; Bernard, Al",Victor,18644,B-23192 (Matrix ID),3,https://www.loc.gov/item/jukebox-33747/,https://data.labs.loc.gov/jukebox/audio/jukebox-33747_1.mp3,452674fb94e972d9139f394bd97aa3ab,Included in LOC public-domain-assessed dataset: https://data.labs.loc.gov/jukebox/
Left all alone again blues,1920-03-02,"Smith, Joseph C.; Joseph C. Smith's Orchestra",Victor,18661,B-23697 (Matrix ID),7,https://www.loc.gov/item/jukebox-35462/,https://data.labs.loc.gov/jukebox/audio/jukebox-35462_1.mp3,649765e1a7752d5cde8c3b69c7523d32,Included in LOC public-domain-assessed dataset: https://data.labs.loc.gov/jukebox/
Profiteering blues,1920-03-16,"Murray, Billy; Bourdon, Rosario",Victor,18666,B-23774 (Matrix ID),3,https://www.loc.gov/item/jukebox-35796/,https://data.labs.loc.gov/jukebox/audio/jukebox-35796_1.mp3,5a132245f200f8c9af9bc8639a09f1be,Included in LOC public-domain-assessed dataset: https://data.labs.loc.gov/jukebox/
Dardanella blues,1920-07-21,"Bourdon, Rosario; Smalle, Ed; Murray, Billy; Reitz, William H.",Victor,18688,B-24344 (Matrix ID),3,https://www.loc.gov/item/jukebox-37616/,https://data.labs.loc.gov/jukebox/audio/jukebox-37616_1.mp3,d7bc898e19072890c805f4c058edf636,Included in LOC public-domain-assessed dataset: https://data.labs.loc.gov/jukebox/
The Broadway blues,1920-08-10,"Stanley, Aileen; Bourdon, Rosario",Victor,18691,B-24371 (Matrix ID),2,https://www.loc.gov/item/jukebox-37702/,https://data.labs.loc.gov/jukebox/audio/jukebox-37702_1.mp3,579258348e05e0164d3f3342c6dc2a6b,Included in LOC public-domain-assessed dataset: https://data.labs.loc.gov/jukebox/
Wang-wang blues,1920-08-09,"Whiteman, Paul; Johnson, Theron E. ""Buster""; Ambassador Orchestra; McDonald, Harold; Pingitore, Mike; Heiss, Sammy; Grofé, Ferde; Busse, Henry; Whiteman, Paul; Mueller, Gus",Victor,18694,B-24392 (Matrix ID),2,https://www.loc.gov/item/jukebox-37802/,https://data.labs.loc.gov/jukebox/audio/jukebox-37802_1.mp3,c80af62a9c51cbf3070bc970a49858b7,Included in LOC public-domain-assessed dataset: https://data.labs.loc.gov/jukebox/
I've got the A-B-C-D blues,1920-07-21,"Reitz, William H.; Bourdon, Rosario; Smalle, Ed; Murray, Billy",Victor,18704,B-24345 (Matrix ID),3,https://www.loc.gov/item/jukebox-37619/,https://data.labs.loc.gov/jukebox/audio/jukebox-37619_1.mp3,1b708c37d48f9509c8e6bb54c4738290,Included in LOC public-domain-assessed dataset: https://data.labs.loc.gov/jukebox/
Crazy blues,1921-01-28,"Krueger, Benny; Shields, Larry; Original Dixieland Jazz Band; LaRocca, Nick; Robinson, J. Russel; Sbarbaro, Tony; Edwards, Eddie",Victor,18729,B-24826 (Matrix ID),3,https://www.loc.gov/item/jukebox-188857/,https://data.labs.loc.gov/jukebox/audio/jukebox-188857_1.mp3,8d79506fdf65d8548e633aca8df1e43f,Included in LOC public-domain-assessed dataset: https://data.labs.loc.gov/jukebox/
Home again blues,1921-01-28,"Krueger, Benny; Shields, Larry; Original Dixieland Jazz Band; LaRocca, Nick; Robinson, J. Russel; Sbarbaro, Tony; Edwards, Eddie",Victor,18729,B-24825 (Matrix ID),3,https://www.loc.gov/item/jukebox-39384/,https://data.labs.loc.gov/jukebox/audio/jukebox-39384_1.mp3,09c825f0e70ebd4b055d37e6c3710ea7,Included in LOC public-domain-assessed dataset: https://data.labs.loc.gov/jukebox/
Home again blues,1921-04-21,"Stanley, Aileen; Bourdon, Rosario",Victor,18760,B-25176 (Matrix ID),3,https://www.loc.gov/item/jukebox-40650/,https://data.labs.loc.gov/jukebox/audio/jukebox-40650_1.mp3,2286225d799ca2c1889dd6c1addf287e,Included in LOC public-domain-assessed dataset: https://data.labs.loc.gov/jukebox/
Jazz me blues,1921-05-03,Original Dixieland Jazz Band,Victor,18772,B-25072 (Matrix ID),5,https://www.loc.gov/item/jukebox-40212/,https://data.labs.loc.gov/jukebox/audio/jukebox-40212_1.mp3,8b9c347eab584fdd3c59638b8158c8a5,Included in LOC public-domain-assessed dataset: https://data.labs.loc.gov/jukebox/
St. Louis blues,1921-05-25,"Bernard, Al; Original Dixieland Jazz Band",Victor,18772,B-25412 (Matrix ID),2,https://www.loc.gov/item/jukebox-41556/,https://data.labs.loc.gov/jukebox/audio/jukebox-41556_1.mp3,b68b08cdaf709bac80e5529a7ff258ab,Included in LOC public-domain-assessed dataset: https://data.labs.loc.gov/jukebox/
Royal Garden blues,1921-05-25,"Bernard, Al; Original Dixieland Jazz Band",Victor,18798,B-25413 (Matrix ID),4,https://www.loc.gov/item/jukebox-41561/,https://data.labs.loc.gov/jukebox/audio/jukebox-41561_1.mp3,88a18471567a87d6dd310a635b6faccf,Included in LOC public-domain-assessed dataset: https://data.labs.loc.gov/jukebox/
Dangerous blues,1921-06-07,"Bernard, Al; Original Dixieland Jazz Band",Victor,18798,B-25432 (Matrix ID),5,https://www.loc.gov/item/jukebox-41616/,https://data.labs.loc.gov/jukebox/audio/jukebox-41616_1.mp3,67b4cf86330abd4825326570f2f1f661,Included in LOC public-domain-assessed dataset: https://data.labs.loc.gov/jukebox/
Wabash blues,1921-09-29,"Foeste, William; Benson Orchestra of Chicago; Adkins, Rick; Amaturo, Matthew; Walthall, Albert; Miller, Joe; Layfield, Arthur; Baum, Joe; Bargy, Roy; Amaturo, Matthew; Bargy, Roy; Amaturo, Matthew; Carey, Guy; Thatcher, Thomas",Victor,18820,B-25703 (Matrix ID),1,https://www.loc.gov/item/jukebox-42639/,https://data.labs.loc.gov/jukebox/audio/jukebox-42639_1.mp3,d5a232dfcd5f8ba8258abc111ec3fcc0,Included in LOC public-domain-assessed dataset: https://data.labs.loc.gov/jukebox/
Wabash blues,1921-09-29,"Foeste, William; Benson Orchestra of Chicago; Adkins, Rick; Amaturo, Matthew; Walthall, Albert; Miller, Joe; Layfield, Arthur; Baum, Joe; Bargy, Roy; Amaturo, Matthew; Bargy, Roy; Amaturo, Matthew; Carey, Guy; Thatcher, Thomas",Victor,18820,B-25703 (Matrix ID),4,https://www.loc.gov/item/jukebox-42642/,https://data.labs.loc.gov/jukebox/audio/jukebox-42642_1.mp3,3abc370ffe1f438c83b3af8e64072a24,Included in LOC public-domain-assessed dataset: https://data.labs.loc.gov/jukebox/
Gypsy blues,1921-10-05,"Whiteman, Paul; Paul Whiteman Orchestra",Victor,18839,B-25635 (Matrix ID),4,https://www.loc.gov/item/jukebox-42414/,https://data.labs.loc.gov/jukebox/audio/jukebox-42414_1.mp3,f224b3957a7f5edccd24438a84748b6b,Included in LOC public-domain-assessed dataset: https://data.labs.loc.gov/jukebox/
Bow wow blues,1921-12-01,Original Dixieland Jazz Band,Victor,18850,B-25836 (Matrix ID),3,https://www.loc.gov/item/jukebox-43156/,https://data.labs.loc.gov/jukebox/audio/jukebox-43156_1.mp3,6bb5154d59d3f9a69218bd525894a656,Included in LOC public-domain-assessed dataset: https://data.labs.loc.gov/jukebox/
Railroad blues,1920-09-23,"Benson Orchestra of Chicago; Foeste, William; Adkins, Rick; Amaturo, Matthew; Miller, Joe; Baum, Joe; Bargy, Roy; Amaturo, Matthew; Amaturo, Matthew; Bargy, Roy; Carey, Guy; Thatcher, Thomas",Victor,18850,B-24483 (Matrix ID),7,https://www.loc.gov/item/jukebox-38055/,https://data.labs.loc.gov/jukebox/audio/jukebox-38055_1.mp3,7e260ee465202966542c7026202117df,Included in LOC public-domain-assessed dataset: https://data.labs.loc.gov/jukebox/
I've got the wonder where he went and when he's coming back blues,1922-02-02,"Arden, Victor; Ohman, Phil",Victor,18867,B-25970 (Matrix ID),7,https://www.loc.gov/item/jukebox-43652/,https://data.labs.loc.gov/jukebox/audio/jukebox-43652_1.mp3,74d758e515a4d3df35c3d827d78542d3,Included in LOC public-domain-assessed dataset: https://data.labs.loc.gov/jukebox/
Virginia blues,1922-02-02,"Benson Orchestra of Chicago; Bargy, Roy",Victor,18868,B-25981 (Matrix ID),9,https://www.loc.gov/item/jukebox-43714/,https://data.labs.loc.gov/jukebox/audio/jukebox-43714_1.mp3,323d3d9498e18604b3050aba0720af31,Included in LOC public-domain-assessed dataset: https://data.labs.loc.gov/jukebox/
Tee-pee blues,1922-01-30,"Benson Orchestra of Chicago; Bargy, Roy",Victor,18874,B-25983 (Matrix ID),5,https://www.loc.gov/item/jukebox-43723/,https://data.labs.loc.gov/jukebox/audio/jukebox-43723_1.mp3,c4aa8cda369529fee94f1f0097c7e515,Included in LOC public-domain-assessed dataset: https://data.labs.loc.gov/jukebox/
Black-eyed blues,1922-02-02,"Benson Orchestra of Chicago; Bargy, Roy",Victor,18874,B-25990 (Matrix ID),1,https://www.loc.gov/item/jukebox-43750/,https://data.labs.loc.gov/jukebox/audio/jukebox-43750_1.mp3,f7aed253616d6859011662fbdba4be20,Included in LOC public-domain-assessed dataset: https://data.labs.loc.gov/jukebox/
Cuddle up blues,1922-03-22,"Virginians; Gorman, Ross",Victor,18881,B-26267 (Matrix ID),3,https://www.loc.gov/item/jukebox-189525/,https://data.labs.loc.gov/jukebox/audio/jukebox-189525_1.mp3,11cd71a5c73e0ede1002bbdc8d0a2aa1,Included in LOC public-domain-assessed dataset: https://data.labs.loc.gov/jukebox/
Memphis blues,1922-03-22,"Virginians; Gorman, Ross",Victor,18895,B-26266 (Matrix ID),4,https://www.loc.gov/item/jukebox-61638/,https://data.labs.loc.gov/jukebox/audio/jukebox-61638_1.mp3,6940c2ee08ee68563a4cbcfdde8e800a,Included in LOC public-domain-assessed dataset: https://data.labs.loc.gov/jukebox/
Lonesome mama blues,1922-03-09,"Virginians; Gorman, Ross; Gorman, Ross",Victor,18895,B-26240 (Matrix ID),3,https://www.loc.gov/item/jukebox-61553/,https://data.labs.loc.gov/jukebox/audio/jukebox-61553_1.mp3,8395a55c1bcc58252ef06786127aea83,Included in LOC public-domain-assessed dataset: https://data.labs.loc.gov/jukebox/
High brown blues,1922-05-03,"Porter, Steve; Bourdon, Rosario; Gruner, William; Young, John; Murray, Billy; American Quartet; Chalmers, Donald",Victor,18904,B-26449 (Matrix ID),3,https://www.loc.gov/item/jukebox-59796/,https://data.labs.loc.gov/jukebox/audio/jukebox-59796_1.mp3,ddf2c39bf880e3cab7e898d0a6aa9715,Included in LOC public-domain-assessed dataset: https://data.labs.loc.gov/jukebox/
The Yankee Doodle blues,1922-06-02,"Gorman, Ross; Virginians",Victor,18913,B-26607 (Matrix ID),4,https://www.loc.gov/item/jukebox-62918/,https://data.labs.loc.gov/jukebox/audio/jukebox-62918_1.mp3,69a56b72180cdee79a89a4d4100b476b,Included in LOC public-domain-assessed dataset: https://data.labs.loc.gov/jukebox/
Early in the morning blues,1922-08-31,"Virginians; Gorman, Ross",Victor,18946,B-26745 (Matrix ID),2,https://www.loc.gov/item/jukebox-63330/,https://data.labs.loc.gov/jukebox/audio/jukebox-63330_1.mp3,223cfe1f7de34d1c90c8308a377bc7d1,Included in LOC public-domain-assessed dataset: https://data.labs.loc.gov/jukebox/
Those longing-for-you blues,1922-08-29,"Benson Orchestra of Chicago; Bargy, Roy",Victor,18948,B-26837 (Matrix ID),6,https://www.loc.gov/item/jukebox-63680/,https://data.labs.loc.gov/jukebox/audio/jukebox-63680_1.mp3,35622fa129964ac93df956473d406d50,Included in LOC public-domain-assessed dataset: https://data.labs.loc.gov/jukebox/
The Yankee Doodle blues,1922-09-29,"Bourdon, Rosario; Smalle, Ed; Murray, Billy",Victor,18959,B-26885 (Matrix ID),5,https://www.loc.gov/item/jukebox-63880/,https://data.labs.loc.gov/jukebox/audio/jukebox-63880_1.mp3,6848ce07e24f2b36da1060594f4c4801,Included in LOC public-domain-assessed dataset: https://data.labs.loc.gov/jukebox/
Chinese blues,1915-11-19,"Sousa's Band; Clarke, Herbert L.",Victor,35514,C-16785 (Matrix ID),1,https://www.loc.gov/item/jukebox-15538/,https://data.labs.loc.gov/jukebox/audio/jukebox-15538_1.mp3,6829bb82c6c3d3638aa6c60bff5b6fe5,Included in LOC public-domain-assessed dataset: https://data.labs.loc.gov/jukebox/
